PSC,NAZOKRESU
36235,Karlovy Vary
54232,Trutnov
67904,Blansko
28601,Kutná Hora
37371,České Budějovice
79001,Jeseník
37833,Jindřichův Hradec
36452,Karlovy Vary
25765,Benešov
34201,Klatovy
38901,Strakonice
28401,Kutná Hora
46345,Liberec
59257,Žďár nad Sázavou
56301,Ústí nad Orlicí
73543,Karviná
51722,Rychnov nad Kněžnou
39816,Písek
46331,Liberec
79351,Bruntál
46843,Jablonec nad Nisou
74255,Nový Jičín
38301,Prachatice
35002,Cheb
39133,Tábor
66491,Brno-venkov
79804,Prostějov
46821,Jablonec nad Nisou
34004,Klatovy
79397,Bruntál
25901,Benešov
33901,Klatovy
46373,Liberec
36471,Karlovy Vary
79331,Bruntál
46342,Jablonec nad Nisou
35709,Sokolov
75101,Přerov
37821,Jindřichův Hradec
46844,Jablonec nad Nisou
58601,Jihlava
39470,Pelhřimov
71100,Ostrava-město
69633,Hodonín
39501,Pelhřimov
36251,Karlovy Vary
58827,Jihlava
79351,Olomouc
46401,Liberec
40714,Děčín
35601,Sokolov
38501,Prachatice
50782,Jičín
25789,Benešov
47301,Česká Lípa
54372,Trutnov
79383,Bruntál
40002,Ústí nad Labem
35201,Cheb
25601,Benešov
39155,Tábor
54101,Trutnov
54701,Náchod
75643,Vsetín
34012,Plzeň-jih
67544,Třebíč
38411,Prachatice
78501,Olomouc
35301,Cheb
25101,Praha-východ
25753,Benešov
50351,Hradec Králové
58001,Havlíčkův Brod
34525,Domažlice
68703,Uherské Hradiště
25167,Benešov
25168,Benešov
66401,Brno-venkov
66484,Brno-venkov
34101,Klatovy
33101,Plzeň-sever
40327,Ústí nad Labem
67961,Blansko
34401,Domažlice
50723,Jičín
51801,Rychnov nad Kněžnou
67555,Třebíč
58291,Havlíčkův Brod
67532,Třebíč
50601,Jičín
68001,Blansko
39301,Pelhřimov
27371,Kladno
29401,Mladá Boleslav
79861,Prostějov
59401,Žďár nad Sázavou
33165,Plzeň-sever
39131,Tábor
56802,Svitavy
68754,Uherské Hradiště
38001,Jindřichův Hradec
67161,Znojmo
53002,Pardubice
50401,Hradec Králové
28163,Kolín
25786,Benešov
76701,Kroměříž
58301,Havlíčkův Brod
78963,Šumperk
74254,Nový Jičín
51761,Rychnov nad Kněžnou
71700,Ostrava-město
73934,Ostrava-město
79399,Bruntál
73901,Frýdek-Místek
50801,Jičín
25085,Praha-východ
28123,Kolín
58851,Jihlava
50722,Jičín
54234,Trutnov
54237,Trutnov
67505,Třebíč
38773,Strakonice
37341,České Budějovice
69201,Břeclav
26751,Beroun
33032,Plzeň-sever
27054,Rakovník
50732,Jičín
40502,Děčín
41186,Litoměřice
29404,Mladá Boleslav
19011,Hlavní město Praha
39165,Tábor
39175,Tábor
37501,České Budějovice
43526,Most
43001,Chomutov
36464,Karlovy Vary
28143,Kolín
79821,Prostějov
27033,Rakovník
37842,Jindřichův Hradec
78801,Šumperk
67971,Blansko
46812,Jablonec nad Nisou
28504,Kutná Hora
54351,Trutnov
37401,České Budějovice
37335,České Budějovice
25703,Benešov
44001,Louny
66451,Brno-venkov
46001,Liberec
43401,Most
41702,Teplice
41701,Teplice
34021,Klatovy
67139,Znojmo
53854,Chrudim
74723,Opava
51401,Semily
38451,Prachatice
38241,Český Krumlov
51101,Semily
58401,Havlíčkův Brod
51601,Rychnov nad Kněžnou
34526,Domažlice
56905,Svitavy
29421,Mladá Boleslav
56943,Svitavy
27034,Rakovník
25724,Benešov
38743,Strakonice
37881,Jindřichův Hradec
26727,Beroun
27363,Kladno
39143,Tábor
67923,Brno-venkov
53401,Pardubice
50346,Hradec Králové
25756,Benešov
25744,Benešov
77900,Olomouc
78316,Olomouc
26301,Příbram
28506,Benešov
27353,Kladno
75364,Přerov
76821,Zlín
70030,Ostrava-město
55205,Náchod
55212,Náchod
28002,Kolín
54931,Náchod
28923,Nymburk
57001,Svitavy
28506,Kutná Hora
50303,Hradec Králové
59242,Žďár nad Sázavou
58263,Havlíčkův Brod
29471,Mladá Boleslav
51237,Semily
38422,Prachatice
55001,Náchod
67953,Blansko
38473,Prachatice
53501,Pardubice
34901,Tachov
46348,Liberec
38282,Český Krumlov
40722,Děčín
51206,Semily
67506,Třebíč
10300,Hlavní město Praha
78391,Olomouc
78901,Šumperk
74741,Opava
75002,Přerov
36461,Cheb
39137,Tábor
58833,Jihlava
79065,Jeseník
26223,Příbram
34142,Klatovy
34802,Tachov
54204,Trutnov
79057,Jeseník
39843,Písek
74101,Nový Jičín
36221,Karlovy Vary
26601,Beroun
28908,Nymburk
46822,Jablonec nad Nisou
38281,Český Krumlov
47201,Česká Lípa
43986,Louny
26724,Beroun
56501,Ústí nad Orlicí
53845,Chrudim
51251,Semily
29301,Mladá Boleslav
29425,Mladá Boleslav
38801,Strakonice
43801,Louny
78325,Olomouc
34012,Klatovy
58901,Jihlava
25722,Benešov
34806,Tachov
33824,Rokycany
39901,Tábor
36401,Karlovy Vary
25768,Benešov
33544,Plzeň-jih
34815,Tachov
59501,Žďár nad Sázavou
33501,Plzeň-jih
54954,Náchod
54964,Náchod
26242,Příbram
78973,Šumperk
34953,Tachov
25751,Benešov
34952,Tachov
66902,Znojmo
50771,Jičín
29429,Mladá Boleslav
75354,Přerov
33041,Plzeň-sever
46343,Liberec
73915,Frýdek-Místek
74728,Opava
29501,Mladá Boleslav
78321,Olomouc
33808,Rokycany
57101,Svitavy
54472,Trutnov
56169,Ústí nad Orlicí
56162,Ústí nad Orlicí
76841,Kroměříž
76861,Kroměříž
79368,Bruntál
44101,Louny
28572,Kutná Hora
54452,Trutnov
53003,Pardubice
53012,Pardubice
34701,Tachov
53316,Pardubice
27374,Kladno
41801,Teplice
41002,Litoměřice
41501,Teplice
25726,Benešov
33141,Plzeň-sever
74301,Nový Jičín
79841,Prostějov
68712,Uherské Hradiště
78322,Olomouc
58841,Jihlava
53803,Chrudim
41145,Litoměřice
46362,Liberec
79070,Jeseník
79326,Bruntál
41131,Litoměřice
33401,Klatovy
53843,Chrudim
67557,Třebíč
79812,Prostějov
76341,Zlín
51301,Semily
51263,Semily
33023,Plzeň-sever
67526,Třebíč
53851,Chrudim
67107,Znojmo
67110,Znojmo
58822,Jihlava
59455,Brno-venkov
27401,Kladno
26401,Příbram
67154,Znojmo
67801,Blansko
53862,Chrudim
51243,Semily
34022,Klatovy
78375,Olomouc
59203,Žďár nad Sázavou
38279,Český Krumlov
33025,Plzeň-sever
67551,Třebíč
69671,Hodonín
43984,Louny
53901,Chrudim
37852,Jindřichův Hradec
33038,Plzeň-sever
54901,Náchod
59251,Žďár nad Sázavou
66408,Brno-venkov
39901,Písek
41115,Litoměřice
27328,Kladno
76805,Kroměříž
34034,Klatovy
34545,Domažlice
47104,Česká Lípa
59442,Žďár nad Sázavou
67155,Znojmo
38226,Český Krumlov
38451,Český Krumlov
43201,Chomutov
33601,Plzeň-jih
43988,Louny
66456,Brno-venkov
36236,Karlovy Vary
78961,Šumperk
73601,Karviná
28931,Nymburk
54201,Trutnov
59255,Žďár nad Sázavou
79061,Jeseník
74801,Opava
36301,Karlovy Vary
73991,Frýdek-Místek
50323,Hradec Králové
68501,Vyškov
47002,Česká Lípa
36004,Karlovy Vary
68341,Vyškov
39491,Pelhřimov
59213,Žďár nad Sázavou
46845,Jablonec nad Nisou
38101,Český Krumlov
28525,Kutná Hora
46342,Liberec
74755,Opava
54941,Náchod
54957,Náchod
54901,Rychnov nad Kněžnou
78964,Šumperk
18100,Hlavní město Praha
18200,Hlavní město Praha
26231,Příbram
26263,Příbram
41741,Teplice
41742,Teplice
38203,Český Krumlov
56186,Ústí nad Orlicí
25401,Praha-západ
53304,Pardubice
38481,Prachatice
69172,Břeclav
73581,Karviná
73551,Karviná
73531,Karviná
73552,Karviná
61900,Brno-město
62500,Brno-město
63900,Brno-město
56904,Svitavy
59301,Žďár nad Sázavou
78314,Olomouc
69655,Hodonín
58856,Jihlava
78972,Šumperk
79856,Prostějov
74719,Opava
54906,Náchod
76321,Zlín
76351,Zlín
75131,Přerov
41156,Litoměřice
67176,Znojmo
78962,Šumperk
26241,Příbram
53826,Chrudim
59451,Žďár nad Sázavou
76831,Kroměříž
25206,Praha-západ
67153,Znojmo
39804,Písek
29441,Mladá Boleslav
68771,Uherské Hradiště
25210,Praha-západ
43121,Chomutov
39601,Pelhřimov
51731,Rychnov nad Kněžnou
69112,Břeclav
25791,Příbram
38221,Český Krumlov
40711,Děčín
30100,Plzeň-město
31600,Plzeň-město
32300,Plzeň-město
25801,Benešov
33401,Plzeň-jih
34813,Tachov
75301,Přerov
58255,Havlíčkův Brod
25791,Benešov
26272,Příbram
36001,Karlovy Vary
38232,Český Krumlov
59262,Žďár nad Sázavou
29443,Mladá Boleslav
37806,Jindřichův Hradec
59261,Brno-venkov
25065,Praha-východ
74401,Nový Jičín
29426,Mladá Boleslav
47124,Česká Lípa
39701,Písek
53973,Chrudim
39201,Tábor
27714,Praha-východ
33701,Rokycany
37367,České Budějovice
58282,Havlíčkův Brod
26701,Beroun
76901,Kroměříž
69108,Břeclav
37853,Jindřichův Hradec
47001,Česká Lípa
67921,Blansko
56164,Ústí nad Orlicí
25723,Benešov
69175,Břeclav
51201,Semily
39181,Tábor
25706,Benešov
51724,Rychnov nad Kněžnou
67178,Znojmo
26215,Příbram
39135,Tábor
67937,Blansko
56982,Svitavy
28522,Kutná Hora
56601,Ústí nad Orlicí
38208,Český Krumlov
38492,Prachatice
37312,České Budějovice
34601,Domažlice
67401,Třebíč
54477,Trutnov
51741,Rychnov nad Kněžnou
37006,České Budějovice
37007,České Budějovice
54475,Trutnov
59451,Brno-venkov
33561,Plzeň-jih
68709,Uherské Hradiště
68763,Uherské Hradiště
69701,Hodonín
58805,Jihlava
56921,Svitavy
37382,České Budějovice
53863,Chrudim
53944,Chrudim
37364,České Budějovice
37365,České Budějovice
28933,Nymburk
75362,Přerov
68201,Vyškov
64200,Brno-město
36453,Karlovy Vary
53825,Chrudim
68354,Vyškov
27724,Mělník
54974,Náchod
28127,Kolín
39461,Pelhřimov
39132,Tábor
39851,Písek
35134,Cheb
36225,Karlovy Vary
67164,Znojmo
36262,Karlovy Vary
28924,Nymburk
47123,Česká Lípa
51213,Semily
32600,Plzeň-město
25164,Praha-východ
40340,Ústí nad Labem
29306,Mladá Boleslav
50713,Semily
58821,Jihlava
43522,Most
43547,Most
27341,Kladno
25001,Praha-východ
56112,Ústí nad Orlicí
14000,Hlavní město Praha
14700,Hlavní město Praha
14200,Hlavní město Praha
66471,Brno-venkov
34506,Domažlice
58842,Jihlava
37384,České Budějovice
58264,Havlíčkův Brod
67177,Brno-venkov
37324,České Budějovice
68333,Vyškov
75645,Vsetín
37901,Jindřichův Hradec
78825,Šumperk
27023,Rakovník
67521,Třebíč
79393,Bruntál
29402,Mladá Boleslav
27351,Kladno
66467,Brno-venkov
27324,Kladno
76312,Zlín
74752,Opava
25205,Praha-západ
29442,Mladá Boleslav
78701,Šumperk
74281,Nový Jičín
26256,Příbram
50901,Jičín
33162,Plzeň-sever
69146,Břeclav
69002,Břeclav
69003,Břeclav
29411,Mladá Boleslav
76823,Kroměříž
68708,Uherské Hradiště
78385,Olomouc
47128,Česká Lípa
16900,Hlavní město Praha
16200,Hlavní město Praha
67165,Znojmo
28201,Kolín
41301,Litoměřice
78313,Olomouc
43111,Chomutov
50332,Hradec Králové
69181,Břeclav
33036,Plzeň-sever
26242,Strakonice
59453,Žďár nad Sázavou
39819,Písek
78324,Olomouc
67905,Brno-venkov
66601,Brno-venkov
68308,Vyškov
56923,Svitavy
59214,Žďár nad Sázavou
27723,Mělník
57201,Svitavy
37305,České Budějovice
50713,Jičín
78991,Šumperk
76001,Zlín
39171,Tábor
67574,Třebíč
43145,Chomutov
29406,Mladá Boleslav
68713,Uherské Hradiště
76315,Zlín
74744,Opava
25245,Praha-západ
54983,Náchod
68767,Uherské Hradiště
56902,Svitavy
78401,Olomouc
26101,Příbram
29424,Mladá Boleslav
79852,Prostějov
76345,Zlín
28934,Nymburk
28915,Nymburk
50312,Hradec Králové
38206,Český Krumlov
40741,Děčín
51743,Rychnov nad Kněžnou
40321,Ústí nad Labem
41201,Litoměřice
62000,Brno-město
78975,Šumperk
28163,Praha-východ
41119,Litoměřice
47129,Česká Lípa
25066,Praha-východ
63500,Brno-město
66481,Brno-město
66471,Brno-město
61800,Brno-město
62700,Brno-město
64300,Brno-město
66442,Brno-město
61700,Brno-město
61300,Brno-město
61400,Brno-město
63800,Brno-město
62100,Brno-město
62300,Brno-město
60200,Brno-město
61600,Brno-město
62400,Brno-město
61200,Brno-město
62800,Brno-město
63600,Brno-město
64400,Brno-město
60300,Brno-město
63700,Brno-město
64100,Brno-město
51703,Rychnov nad Kněžnou
41108,Litoměřice
67529,Jihlava
29473,Mladá Boleslav
25741,Benešov
79846,Prostějov
75103,Přerov
79807,Prostějov
26742,Beroun
27601,Mělník
53352,Pardubice
41181,Litoměřice
50781,Jičín
58832,Jihlava
25169,Praha-východ
67527,Jihlava
40760,Děčín
67963,Blansko
78336,Olomouc
76331,Zlín
74771,Opava
69111,Břeclav
25209,Praha-západ
79201,Bruntál
27735,Mělník
59201,Žďár nad Sázavou
73944,Frýdek-Místek
38601,Strakonice
73936,Frýdek-Místek
25301,Praha-západ
58813,Jihlava
16000,Hlavní město Praha
17000,Hlavní město Praha
35801,Sokolov
56401,Ústí nad Orlicí
26718,Beroun
25701,Benešov
33152,Plzeň-sever
29413,Mladá Boleslav
37892,Jindřichův Hradec
27372,Kladno
39811,Písek
28802,Nymburk
50315,Hradec Králové
37891,Jindřichův Hradec
56965,Svitavy
67503,Třebíč
74764,Opava
74787,Opava
67542,Třebíč
41118,Litoměřice
27343,Kladno
33141,Rokycany
75121,Přerov
37701,Jindřichův Hradec
27745,Mělník
27004,Rakovník
25708,Benešov
79848,Prostějov
59212,Žďár nad Sázavou
33452,Plzeň-jih
69631,Hodonín
35755,Sokolov
25721,Benešov
40001,Ústí nad Labem
40010,Ústí nad Labem
34562,Plzeň-jih
31200,Plzeň-město
73985,Frýdek-Místek
78815,Šumperk
67905,Blansko
54401,Trutnov
50003,Hradec Králové
53341,Pardubice
69189,Břeclav
79395,Bruntál
25208,Praha-západ
74213,Nový Jičín
79401,Bruntál
53801,Chrudim
75701,Vsetín
40505,Děčín
27379,Kladno
27732,Mělník
28922,Nymburk
27711,Mělník
75353,Přerov
53322,Pardubice
41761,Teplice
56992,Svitavy
56154,Ústí nad Orlicí
73995,Frýdek-Místek
41703,Teplice
68755,Uherské Hradiště
75624,Vsetín
69681,Hodonín
69685,Hodonín
26743,Beroun
79305,Olomouc
56982,Chrudim
79316,Bruntál
19600,Hlavní město Praha
25063,Mělník
50743,Jičín
51773,Rychnov nad Kněžnou
36017,Karlovy Vary
27377,Kladno
67524,Třebíč
55203,Náchod
53821,Chrudim
34801,Tachov
67602,Třebíč
51750,Rychnov nad Kněžnou
67571,Třebíč
39463,Pelhřimov
74764,Ostrava-město
66423,Brno-venkov
67522,Třebíč
79604,Prostějov
78372,Olomouc
67507,Třebíč
79811,Prostějov
75115,Přerov
68301,Vyškov
79858,Prostějov
38752,Strakonice
69614,Hodonín
43801,Chomutov
69615,Hodonín
39002,Tábor
53955,Chrudim
75124,Přerov
73912,Frýdek-Místek
25088,Praha-východ
79823,Prostějov
27304,Kladno
79816,Prostějov
26203,Příbram
39001,Tábor
69651,Hodonín
33033,Plzeň-sever
25168,Praha-východ
39165,České Budějovice
53345,Pardubice
53332,Pardubice
38756,Strakonice
50777,Jičín
56953,Svitavy
58835,Jihlava
28102,Kolín
26761,Beroun
67173,Znojmo
34561,Domažlice
54377,Trutnov
54371,Trutnov
74901,Opava
28901,Nymburk
67922,Blansko
46353,Liberec
79054,Jeseník
38223,Český Krumlov
53301,Pardubice
43985,Louny
43901,Louny
38701,Strakonice
38411,Strakonice
43543,Most
34506,Klatovy
51704,Rychnov nad Kněžnou
28915,Kolín
50343,Hradec Králové
25226,Praha-západ
25228,Praha-západ
34958,Tachov
75368,Přerov
39494,Pelhřimov
67975,Blansko
56201,Ústí nad Orlicí
50304,Hradec Králové
27323,Kladno
59262,Brno-venkov
37001,České Budějovice
54344,Trutnov
19800,Hlavní město Praha
43191,Chomutov
25763,Benešov
43151,Chomutov
25262,Praha-západ
56151,Ústí nad Orlicí
34192,Klatovy
39848,Písek
39446,Pelhřimov
56161,Ústí nad Orlicí
28542,Kutná Hora
28121,Kolín
50353,Hradec Králové
46344,Liberec
28504,Kolín
41804,Teplice
27351,Praha-západ
25788,Benešov
37372,České Budějovice
66431,Brno-venkov
58261,Havlíčkův Brod
33011,Plzeň-sever
54921,Náchod
59202,Žďár nad Sázavou
58222,Havlíčkův Brod
40721,Děčín
34532,Domažlice
37348,České Budějovice
47006,Česká Lípa
54956,Náchod
59211,Žďár nad Sázavou
56185,Ústí nad Orlicí
56002,Ústí nad Orlicí
79081,Jeseník
47125,Liberec
37004,České Budějovice
37005,České Budějovice
37011,České Budějovice
37010,České Budějovice
37008,České Budějovice
56552,Ústí nad Orlicí
56114,Ústí nad Orlicí
51771,Rychnov nad Kněžnou
37810,Jindřichův Hradec
43601,Most
37883,Jindřichův Hradec
73701,Karviná
38719,Strakonice
28510,Kutná Hora
76802,Kroměříž
67938,Blansko
39411,Pelhřimov
40317,Ústí nad Labem
74792,Opava
26762,Beroun
50321,Hradec Králové
29445,Mladá Boleslav
69006,Břeclav
69141,Břeclav
43157,Chomutov
41173,Litoměřice
79082,Jeseník
33806,Rokycany
74731,Opava
73942,Frýdek-Místek
51745,Rychnov nad Kněžnou
29413,Liberec
76302,Zlín
33204,Plzeň-jih
53962,Chrudim
59265,Žďár nad Sázavou
43903,Louny
33442,Plzeň-jih
27021,Rakovník
26293,Příbram
26901,Rakovník
40339,Ústí nad Labem
27743,Mělník
37804,Jindřichův Hradec
67171,Znojmo
34543,Domažlice
41171,Litoměřice
34533,Domažlice
35735,Sokolov
14100,Hlavní město Praha
14800,Hlavní město Praha
14900,Hlavní město Praha
53361,Pardubice
39468,Pelhřimov
14300,Hlavní město Praha
33828,Rokycany
78335,Olomouc
50753,Jičín
43003,Chomutov
43004,Chomutov
40703,Děčín
56942,Svitavy
27737,Mělník
75642,Vsetín
29001,Nymburk
67531,Třebíč
73561,Karviná
33214,Plzeň-jih
34901,Plzeň-sever
29428,Mladá Boleslav
54376,Trutnov
33017,Plzeň-sever
35751,Sokolov
51721,Rychnov nad Kněžnou
28144,Kolín
28905,Kolín
28576,Kutná Hora
28103,Kolín
37362,České Budějovice
46334,Liberec
25728,Benešov
39118,Tábor
54442,Trutnov
25210,Příbram
33204,Plzeň-město
43922,Louny
27706,Mělník
33035,Plzeň-sever
27715,Mělník
28914,Nymburk
33003,Plzeň-město
76824,Kroměříž
25219,Praha-západ
27001,Rakovník
37304,České Budějovice
78832,Šumperk
46352,Liberec
25742,Benešov
39817,Písek
40744,Děčín
38404,Prachatice
76811,Kroměříž
67552,Třebíč
28902,Nymburk
53701,Chrudim
53703,Chrudim
53705,Chrudim
26712,Beroun
74724,Opava
43603,Most
27721,Mělník
67102,Znojmo
76872,Kroměříž
54211,Trutnov
33205,Plzeň-město
53312,Pardubice
74706,Opava
39493,Pelhřimov
58253,Havlíčkův Brod
55204,Náchod
68323,Vyškov
38473,Strakonice
27801,Mělník
68722,Uherské Hradiště
26707,Beroun
25303,Praha-západ
25217,Praha-západ
33563,Plzeň-jih
39853,Písek
38771,Strakonice
25268,Praha-západ
28926,Nymburk
53009,Pardubice
55101,Náchod
58287,Havlíčkův Brod
59102,Žďár nad Sázavou
67578,Třebíč
28925,Nymburk
67501,Třebíč
37832,Jindřichův Hradec
18400,Hlavní město Praha
51263,Jičín
28533,Kutná Hora
40302,Ústí nad Labem
40777,Děčín
25204,Praha-západ
29423,Mladá Boleslav
56956,Svitavy
51235,Semily
43902,Louny
67101,Znojmo
27704,Mělník
33151,Plzeň-sever
33209,Plzeň-jih
33564,Plzeň-jih
41112,Litoměřice
39831,Písek
37861,Jindřichův Hradec
56118,Svitavy
56132,Ústí nad Orlicí
67974,Blansko
29446,Mladá Boleslav
47154,Česká Lípa
69123,Brno-venkov
59461,Žďár nad Sázavou
59241,Žďár nad Sázavou
67554,Třebíč
46802,Jablonec nad Nisou
36263,Karlovy Vary
79382,Bruntál
69173,Hodonín
69635,Hodonín
56123,Ústí nad Orlicí
74717,Opava
53303,Pardubice
66475,Brno-venkov
67541,Třebíč
78383,Olomouc
25091,Praha-východ
74794,Opava
16400,Hlavní město Praha
67128,Znojmo
74245,Nový Jičín
37873,Jindřichův Hradec
46861,Jablonec nad Nisou
67533,Třebíč
37825,Jindřichův Hradec
51791,Rychnov nad Kněžnou
50724,Jičín
79855,Prostějov
73571,Karviná
46365,Liberec
79303,Bruntál
39127,Tábor
69171,Břeclav
43915,Louny
58834,Jihlava
29405,Mladá Boleslav
78386,Olomouc
41705,Teplice
56117,Ústí nad Orlicí
79371,Bruntál
79827,Prostějov
28903,Nymburk
38462,Prachatice
40747,Děčín
46312,Liberec
33443,Plzeň-jih
67201,Znojmo
74235,Nový Jičín
73951,Frýdek-Místek
47121,Česká Lípa
33441,Plzeň-jih
73953,Frýdek-Místek
37316,České Budějovice
50773,Jičín
51793,Rychnov nad Kněžnou
79344,Bruntál
44101,Chomutov
50325,Hradec Králové
25225,Praha-západ
33005,Plzeň-sever
28911,Kolín
25229,Praha-západ
26202,Příbram
33844,Rokycany
76307,Zlín
25082,Praha-východ
79825,Prostějov
67140,Znojmo
58812,Jihlava
25261,Praha-západ
28905,Nymburk
67182,Znojmo
50313,Hradec Králové
41182,Litoměřice
27364,Kladno
35708,Sokolov
40780,Děčín
25070,Praha-východ
54226,Trutnov
75655,Vsetín
75661,Vsetín
74722,Opava
27701,Mělník
27362,Kladno
69617,Hodonín
53953,Chrudim
54362,Trutnov
25241,Praha-západ
28571,Kutná Hora
58845,Jihlava
56153,Ústí nad Orlicí
29430,Mladá Boleslav
56102,Ústí nad Orlicí
73938,Frýdek-Místek
38273,Český Krumlov
69185,Břeclav
58862,Jihlava
38272,Český Krumlov
54342,Trutnov
40745,Děčín
46008,Liberec
26262,Příbram
53971,Chrudim
53374,Pardubice
25244,Praha-západ
54374,Trutnov
66464,Brno-venkov
58271,Havlíčkův Brod
28146,Kolín
54341,Trutnov
74766,Ostrava-město
37802,Jindřichův Hradec
76326,Zlín
76323,Zlín
56116,Ústí nad Orlicí
78805,Šumperk
59253,Žďár nad Sázavou
73961,Frýdek-Místek
35101,Cheb
36272,Karlovy Vary
33444,Plzeň-jih
73553,Karviná
54227,Trutnov
73572,Karviná
10200,Hlavní město Praha
10700,Hlavní město Praha
11101,Hlavní město Praha
58233,Havlíčkův Brod
37373,České Budějovice
79501,Bruntál
68762,Uherské Hradiště
54461,Trutnov
54375,Trutnov
39833,Písek
19012,Hlavní město Praha
40755,Děčín
67962,Blansko
40782,Děčín
54103,Trutnov
50316,Hradec Králové
47115,Česká Lípa
54911,Náchod
53375,Pardubice
51244,Semily
53371,Pardubice
35604,Sokolov
73946,Frýdek-Místek
29478,Mladá Boleslav
56553,Svitavy
54102,Trutnov
78820,Šumperk
73564,Karviná
47157,Česká Lípa
73542,Karviná
38201,Český Krumlov
79376,Jeseník
75123,Přerov
56961,Svitavy
76316,Zlín
69129,Břeclav
27741,Mělník
31800,Plzeň-město
39818,Písek
40301,Ústí nad Labem
35493,Cheb
74756,Opava
78356,Olomouc
79826,Prostějov
73506,Karviná
67543,Třebíč
69683,Hodonín
41722,Teplice
66483,Brno-venkov
78306,Olomouc
43968,Louny
29448,Mladá Boleslav
36007,Karlovy Vary
73533,Karviná
28921,Nymburk
53353,Pardubice
78982,Šumperk
53944,Ústí nad Orlicí
54451,Trutnov
38735,Strakonice
67911,Blansko
51742,Rychnov nad Kněžnou
33543,Plzeň-jih
78344,Olomouc
28913,Nymburk
26285,Příbram
34522,Domažlice
75361,Přerov
37821,Tábor
66424,Brno-venkov
25067,Praha-východ
53333,Pardubice
27342,Kladno
75114,Přerov
76833,Kroměříž
53305,Pardubice
37351,České Budějovice
69183,Břeclav
68304,Vyškov
67976,Blansko
76325,Zlín
43144,Chomutov
68733,Uherské Hradiště
33007,Plzeň-sever
67936,Blansko
68321,Vyškov
46824,Jablonec nad Nisou
76319,Zlín
79607,Prostějov
38425,Prachatice
47141,Česká Lípa
54455,Trutnov
27201,Kladno
27203,Kladno
27309,Kladno
26251,Příbram
69603,Hodonín
47126,Česká Lípa
41901,Teplice
67556,Třebíč
67550,Třebíč
27742,Mělník
27744,Mělník
33503,Plzeň-jih
79857,Prostějov
74721,Opava
47106,Česká Lípa
35733,Sokolov
36006,Karlovy Vary
37808,Jindřichův Hradec
67126,Znojmo
33002,Plzeň-město
79853,Prostějov
26801,Beroun
40753,Děčín
78811,Šumperk
74784,Opava
75614,Vsetín
51245,Semily
46010,Liberec
40723,Děčín
74258,Frýdek-Místek
73945,Frýdek-Místek
73801,Frýdek-Místek
73911,Frýdek-Místek
59204,Žďár nad Sázavou
73301,Karviná
67156,Znojmo
78373,Olomouc
73955,Frýdek-Místek
78823,Šumperk
79814,Prostějov
58281,Havlíčkův Brod
66443,Brno-venkov
33452,Domažlice
28546,Kutná Hora
10400,Hlavní město Praha
39161,Tábor
54466,Trutnov
74258,Nový Jičín
75603,Vsetín
76363,Zlín
76324,Zlín
43542,Most
79803,Prostějov
59101,Žďár nad Sázavou
78833,Šumperk
46846,Jablonec nad Nisou
51246,Jablonec nad Nisou
67576,Třebíč
74716,Opava
78396,Olomouc
58223,Havlíčkův Brod
54233,Trutnov
43501,Most
68801,Uherské Hradiště
35132,Cheb
58274,Havlíčkův Brod
39464,Pelhřimov
71300,Ostrava-město
54984,Náchod
59458,Žďár nad Sázavou
79374,Bruntál
78307,Olomouc
68401,Vyškov
67169,Znojmo
74247,Nový Jičín
39173,Tábor
53315,Pardubice
29476,Praha-východ
27731,Mělník
27751,Mělník
38443,Prachatice
59231,Žďár nad Sázavou
28532,Kutná Hora
69143,Břeclav
19000,Hlavní město Praha
74769,Opava
15000,Hlavní město Praha
15200,Hlavní město Praha
15400,Hlavní město Praha
78361,Olomouc
67152,Znojmo
67972,Blansko
26222,Příbram
68725,Uherské Hradiště
50356,Hradec Králové
56101,Ústí nad Orlicí
58294,Havlíčkův Brod
74735,Opava
78347,Olomouc
27321,Kladno
38716,Strakonice
67125,Znojmo
69501,Hodonín
67504,Třebíč
74271,Nový Jičín
53807,Chrudim
66461,Brno-venkov
74774,Opava
25264,Praha-západ
50601,Semily
67902,Blansko
11800,Hlavní město Praha
33801,Rokycany
67913,Blansko
68351,Vyškov
25265,Praha-západ
76813,Kroměříž
33301,Plzeň-jih
27303,Kladno
66404,Brno-venkov
43182,Chomutov
43546,Most
54301,Trutnov
54302,Trutnov
39421,Pelhřimov
38222,Český Krumlov
50306,Hradec Králové
51234,Semily
54952,Náchod
75657,Vsetín
79312,Bruntál
41185,Litoměřice
73937,Karviná
69301,Břeclav
51236,Semily
33012,Plzeň-sever
54474,Trutnov
39403,Pelhřimov
56156,Ústí nad Orlicí
73932,Ostrava-město
54936,Náchod
58852,Jihlava
67134,Znojmo
38293,Český Krumlov
43184,Chomutov
78833,Ústí nad Orlicí
56133,Ústí nad Orlicí
75501,Vsetín
25242,Praha-západ
29501,Česká Lípa
67573,Třebíč
47111,Česká Lípa
75612,Vsetín
79063,Jeseník
78305,Olomouc
10900,Hlavní město Praha
75117,Přerov
68764,Uherské Hradiště
37831,Jindřichův Hradec
27703,Mělník
19014,Hlavní město Praha
19300,Hlavní město Praha
40757,Děčín
54946,Náchod
37843,Jindřichův Hradec
46007,Liberec
33024,Plzeň-sever
35731,Sokolov
29479,Mladá Boleslav
79847,Prostějov
73535,Karviná
51241,Semily
38491,Prachatice
38433,Prachatice
38742,Strakonice
39806,Písek
33455,Plzeň-jih
38501,Klatovy
28573,Kutná Hora
35707,Sokolov
67527,Třebíč
37361,České Budějovice
43114,Chomutov
27322,Kladno
75622,Vsetín
72528,Ostrava-město
68741,Uherské Hradiště
25282,Praha-západ
68352,Vyškov
25069,Praha-východ
76301,Zlín
41172,Litoměřice
78357,Olomouc
27031,Rakovník
27035,Rakovník
41752,Teplice
28562,Kutná Hora
75601,Vsetín
69612,Hodonín
25064,Praha-východ
67168,Znojmo
46811,Jablonec nad Nisou
78804,Šumperk
71900,Ostrava-město
72000,Ostrava-město
74763,Opava
74767,Opava
27041,Rakovník
75111,Přerov
66603,Brno-venkov
11900,Hlavní město Praha
33211,Plzeň-jih
50002,Hradec Králové
50009,Hradec Králové
50341,Hradec Králové
50012,Hradec Králové
56901,Svitavy
79084,Jeseník
73997,Frýdek-Místek
33842,Rokycany
67127,Znojmo
51741,Ústí nad Orlicí
28912,Nymburk
50703,Jičín
28126,Kolín
35124,Cheb
75366,Přerov
73998,Frýdek-Místek
27306,Kladno
29307,Mladá Boleslav
50745,Jičín
27345,Kladno
27008,Rakovník
39859,Písek
40717,Děčín
27376,Kladno
28106,Kolín
26214,Příbram
43904,Louny
43965,Louny
41704,Teplice
41183,Litoměřice
41757,Teplice
79845,Prostějov
36233,Karlovy Vary
69663,Hodonín
69673,Hodonín
28932,Nymburk
25166,Praha-východ
69156,Břeclav
56555,Ústí nad Orlicí
43143,Chomutov
67167,Znojmo
66462,Brno-venkov
50327,Hradec Králové
26703,Beroun
70300,Ostrava-město
70900,Ostrava-město
27308,Kladno
25755,Benešov
38421,Prachatice
25068,Praha-východ
75602,Vsetín
55211,Náchod
46826,Jablonec nad Nisou
75662,Vsetín
26244,Příbram
37501,Tábor
76310,Zlín
74283,Ostrava-město
56203,Ústí nad Orlicí
78333,Olomouc
26706,Beroun
69650,Hodonín
67901,Blansko
46602,Jablonec nad Nisou
46601,Jablonec nad Nisou
75623,Vsetín
74753,Opava
74601,Opava
74707,Opava
74236,Nový Jičín
68705,Uherské Hradiště
56165,Ústí nad Orlicí
59232,Žďár nad Sázavou
68704,Uherské Hradiště
78974,Šumperk
79384,Bruntál
56955,Svitavy
27006,Rakovník
79342,Bruntál
56543,Ústí nad Orlicí
54225,Trutnov
76801,Kroměříž
56944,Svitavy
56966,Svitavy
68601,Uherské Hradiště
37841,Jindřichův Hradec
25246,Praha-západ
75641,Vsetín
55222,Náchod
76313,Zlín
51711,Rychnov nad Kněžnou
69674,Hodonín
67106,Znojmo
56991,Svitavy
40801,Děčín
27378,Kladno
67906,Blansko
27734,Mělník
41724,Teplice
53864,Chrudim
46833,Jablonec nad Nisou
25073,Praha-východ
58825,Jihlava
74233,Nový Jičín
51212,Semily
76333,Zlín
47161,Česká Lípa
40716,Děčín
28166,Praha-východ
27705,Mělník
67175,Znojmo
69648,Hodonín
47108,Česká Lípa
50731,Jičín
37856,Jindřichův Hradec
40701,Děčín
37332,České Budějovice
51772,Hradec Králové
25202,Praha-západ
66434,Brno-venkov
43132,Chomutov
67526,Jihlava
15800,Hlavní město Praha
15500,Hlavní město Praha
40756,Děčín
27713,Mělník
25090,Praha-východ
74282,Nový Jičín
29414,Mladá Boleslav
54213,Trutnov
46850,Jablonec nad Nisou
29431,Mladá Boleslav
69621,Hodonín
55102,Náchod
11000,Hlavní město Praha
28509,Kutná Hora
29474,Mladá Boleslav
38733,Strakonice
33843,Rokycany
39451,Pelhřimov
25165,Praha-východ
54223,Trutnov
40713,Děčín
39413,Pelhřimov
58242,Havlíčkův Brod
58823,Jihlava
67503,Jihlava
79069,Jeseník
53941,Chrudim
47114,Česká Lípa
58292,Havlíčkův Brod
27301,Kladno
27326,Kladno
37381,České Budějovice
28907,Nymburk
28404,Kutná Hora
73601,Frýdek-Místek
75119,Přerov
38242,Český Krumlov
50366,Hradec Králové
25075,Praha-východ
18600,Hlavní město Praha
50791,Jičín
59221,Žďár nad Sázavou
79324,Bruntál
79323,Bruntál
76843,Kroměříž
40729,Děčín
79336,Bruntál
53942,Chrudim
76821,Kroměříž
75605,Vsetín
73994,Frýdek-Místek
73503,Karviná
73401,Karviná
67151,Znojmo
67172,Znojmo
25163,Praha-východ
75621,Vsetín
74705,Opava
46014,Liberec
38711,Strakonice
19700,Hlavní město Praha
39452,Pelhřimov
69649,Hodonín
79808,Prostějov
56204,Ústí nad Orlicí
39821,Písek
33841,Rokycany
67575,Třebíč
79854,Prostějov
27204,Kladno
34961,Tachov
53314,Pardubice
41116,Litoměřice
58283,Havlíčkův Brod
56182,Ústí nad Orlicí
29415,Mladá Boleslav
51771,Hradec Králové
76311,Zlín
34534,Domažlice
78816,Šumperk
67903,Blansko
74201,Nový Jičín
74285,Ostrava-město
28941,Kolín
74747,Opava
39003,Tábor
28545,Kutná Hora
69664,Hodonín
59444,Žďár nad Sázavou
67934,Blansko
74727,Opava
39459,Pelhřimov
69110,Břeclav
79805,Prostějov
54464,Trutnov
53861,Chrudim
54462,Trutnov
56911,Svitavy
37901,České Budějovice
39409,Pelhřimov
25072,Mělník
67523,Třebíč
39901,Příbram
26255,Příbram
75201,Přerov
46606,Jablonec nad Nisou
46801,Jablonec nad Nisou
75105,Přerov
28904,Nymburk
27329,Kladno
27002,Rakovník
19016,Hlavní město Praha
78821,Šumperk
37314,České Budějovice
76871,Kroměříž
74770,Opava
76361,Zlín
73562,Karviná
28125,Kolín
28129,Kolín
50705,Jičín
67502,Třebíč
43156,Chomutov
74221,Nový Jičín
46849,Jablonec nad Nisou
26206,Příbram
56993,Svitavy
56301,Svitavy
68752,Uherské Hradiště
73981,Frýdek-Místek
73923,Ostrava-město
74775,Opava
39422,Pelhřimov
39117,Tábor
50365,Hradec Králové
28935,Nymburk
26291,Příbram
51202,Semily
41723,Teplice
76314,Zlín
58861,Jihlava
39858,Písek
69152,Břeclav
43921,Louny
41754,Teplice
67907,Blansko
25768,Kutná Hora
51792,Rychnov nad Kněžnou
28161,Kolín
34502,Domažlice
67508,Třebíč
66406,Brno-venkov
68301,Brno-venkov
79829,Prostějov
39855,Písek
43186,Chomutov
26284,Příbram
33144,Plzeň-sever
58293,Havlíčkův Brod
38715,Strakonice
73947,Frýdek-Místek
74711,Opava
50703,Hradec Králové
26716,Beroun
25087,Praha-východ
41187,Litoměřice
54922,Náchod
79305,Bruntál
54203,Trutnov
67577,Třebíč
79601,Prostějov
53805,Chrudim
73904,Frýdek-Místek
58234,Havlíčkův Brod
40746,Děčín
40007,Ústí nad Labem
72526,Ostrava-město
43972,Louny
40337,Ústí nad Labem
58864,Jihlava
33013,Plzeň-sever
50324,Hradec Králové
47103,Česká Lípa
39495,Pelhřimov
76601,Zlín
39445,Pelhřimov
78985,Šumperk
25084,Praha-východ
56922,Svitavy
69165,Břeclav
28547,Kutná Hora
41148,Litoměřice
39424,Pelhřimov
75663,Vsetín
32200,Plzeň-město
46005,Liberec
25766,Benešov
59453,Brno-venkov
73924,Frýdek-Místek
53943,Chrudim
59454,Žďár nad Sázavou
58266,Havlíčkův Brod
53901,Havlíčkův Brod
69173,Břeclav
27009,Rakovník
27053,Rakovník
74786,Opava
43981,Louny
38403,Prachatice
26741,Beroun
39834,Písek
50004,Hradec Králové
50311,Hradec Králové
54443,Trutnov
54361,Trutnov
73913,Frýdek-Místek
71800,Ostrava-město
56924,Svitavy
74253,Nový Jičín
75644,Vsetín
68604,Uherské Hradiště
46015,Liberec
47155,Česká Lípa
56181,Ústí nad Orlicí
37862,Jindřichův Hradec
59456,Brno-venkov
76852,Kroměříž
27375,Kladno
68724,Uherské Hradiště
26763,Beroun
51702,Rychnov nad Kněžnou
68766,Uherské Hradiště
38229,Český Krumlov
38493,Prachatice
76502,Zlín
74768,Opava
33001,Plzeň-město
43183,Chomutov
50733,Jičín
28126,Pardubice
41725,Teplice
15900,Hlavní město Praha
27061,Kladno
27101,Kladno
69151,Břeclav
37801,Jindřichův Hradec
38432,Prachatice
35491,Cheb
25089,Praha-východ
75125,Přerov
73511,Karviná
67163,Znojmo
27305,Kladno
33014,Plzeň-sever
29447,Mladá Boleslav
27708,Mělník
37311,České Budějovice
69144,Břeclav
41772,Teplice
43923,Louny
38442,Prachatice
40778,Děčín
79842,Prostějov
75611,Vsetín
39414,Pelhřimov
43545,Most
78971,Šumperk
58286,Havlíčkův Brod
19900,Hlavní město Praha
68335,Vyškov
25230,Praha-západ
38402,Prachatice
59245,Žďár nad Sázavou
76834,Kroměříž
78332,Olomouc
27007,Rakovník
34201,Strakonice
39102,Tábor
39111,Tábor
26723,Beroun
46847,Jablonec nad Nisou
33201,Plzeň-město
35131,Cheb
50322,Hradec Králové
43926,Louny
25266,Praha-západ
38772,Strakonice
18000,Hlavní město Praha
46006,Liberec
46311,Liberec
51712,Rychnov nad Kněžnou
43963,Louny
41146,Litoměřice
74257,Nový Jičín
58277,Havlíčkův Brod
39462,Pelhřimov
43532,Most
54236,Trutnov
43975,Louny
16100,Hlavní město Praha
41103,Litoměřice
41117,Litoměřice
40338,Ústí nad Labem
50744,Jičín
40335,Ústí nad Labem
50344,Hradec Králové
51203,Semily
50715,Jičín
56168,Ústí nad Orlicí
74275,Nový Jičín
79315,Bruntál
53823,Chrudim
51735,Rychnov nad Kněžnou
43102,Chomutov
69661,Hodonín
27354,Kladno
47158,Česká Lípa
33021,Plzeň-sever
58257,Havlíčkův Brod
15531,Hlavní město Praha
25228,Hlavní město Praha
58232,Havlíčkův Brod
38278,Český Krumlov
53364,Pardubice
69672,Hodonín
40781,Děčín
67915,Blansko
75631,Vsetín
78342,Olomouc
27052,Rakovník
25203,Praha-západ
56184,Ústí nad Orlicí
32100,Plzeň-město
41133,Litoměřice
56967,Svitavy
27736,Mělník
40784,Děčín
37322,České Budějovice
50302,Hradec Králové
67175,Brno-venkov
27064,Rakovník
37826,Jindřichův Hradec
43511,Most
79302,Bruntál
37816,Jindřichův Hradec
68774,Uherské Hradiště
78983,Šumperk
28937,Nymburk
38276,Český Krumlov
69676,Hodonín
35301,Sokolov
59301,Blansko
43533,Most
76875,Kroměříž
25162,Praha-východ
25208,Benešov
69639,Hodonín
50361,Hradec Králové
43983,Louny
78346,Olomouc
56963,Svitavy
27036,Rakovník
74292,Nový Jičín
35137,Cheb
46871,Jablonec nad Nisou
58235,Havlíčkův Brod
73939,Frýdek-Místek
74714,Opava
46605,Jablonec nad Nisou
39426,Pelhřimov
51603,Rychnov nad Kněžnou
27373,Kladno
76317,Zlín
76841,Zlín
68303,Vyškov
78349,Olomouc
73514,Karviná
50706,Jičín
50305,Hradec Králové
33454,Plzeň-jih
50362,Hradec Králové
43524,Most
69618,Hodonín
38211,Český Krumlov
27051,Rakovník
16500,Hlavní město Praha
54963,Náchod
37803,Jindřichův Hradec
75103,Olomouc
75627,Vsetín
51725,Rychnov nad Kněžnou
26203,Praha-západ
26205,Praha-západ
58276,Havlíčkův Brod
79849,Prostějov
75606,Vsetín
38706,Strakonice
79844,Prostějov
10000,Hlavní město Praha
10800,Hlavní město Praha
28541,Kutná Hora
66465,Brno-venkov
38291,Český Krumlov
58603,Jihlava
68605,Uherské Hradiště
47156,Česká Lípa
70200,Ostrava-město
78365,Olomouc
50742,Jičín
40742,Děčín
51232,Semily
54973,Náchod
72300,Ostrava-město
27713,Praha-východ
25207,Praha-západ
25266,Praha-východ
37363,České Budějovice
28936,Nymburk
29477,Mladá Boleslav
43931,Louny
33551,Plzeň-jih
38736,Strakonice
34521,Domažlice
53831,Chrudim
66466,Brno-venkov
27738,Mělník
50364,Hradec Králové
66457,Brno-venkov
66455,Brno-venkov
36234,Karlovy Vary
51754,Rychnov nad Kněžnou
39156,Tábor
56941,Svitavy
73949,Frýdek-Místek
43513,Most
54923,Náchod
54981,Náchod
58827,Žďár nad Sázavou
71500,Ostrava-město
10100,Hlavní město Praha
10600,Hlavní město Praha
67129,Znojmo
68609,Uherské Hradiště
40779,Děčín
69619,Hodonín
67133,Znojmo
28911,Nymburk
41132,Litoměřice
33843,Plzeň-jih
46803,Jablonec nad Nisou
69801,Hodonín
69605,Hodonín
75367,Přerov
69188,Břeclav
38486,Prachatice
39801,Písek
35735,Karlovy Vary
25063,Praha-východ
28501,Kutná Hora
43158,Chomutov
69604,Hodonín
47113,Česká Lípa
39443,Pelhřimov
54224,Trutnov
74754,Opava
56935,Svitavy
56167,Ústí nad Orlicí
78803,Šumperk
50758,Jičín
27707,Mělník
34535,Domažlice
39492,Pelhřimov
41713,Teplice
68706,Uherské Hradiště
40702,Děčín
66442,Brno-venkov
40331,Ústí nad Labem
74762,Opava
41781,Teplice
53802,Chrudim
56951,Svitavy
53372,Pardubice
66448,Brno-venkov
59254,Žďár nad Sázavou
69155,Břeclav
50006,Hradec Králové
50011,Hradec Králové
69101,Břeclav
79828,Prostějov
26717,Beroun
74272,Nový Jičín
74251,Nový Jičín
43502,Most
79802,Prostějov
68333,Hodonín
58854,Jihlava
34501,Domažlice
51204,Semily
46604,Jablonec nad Nisou
71000,Ostrava-město
71200,Ostrava-město
69611,Hodonín
37349,České Budějovice
34952,Plzeň-sever
67560,Třebíč
73941,Frýdek-Místek
39116,Tábor
33805,Rokycany
39852,Tábor
46352,Česká Lípa
54907,Náchod
44101,Karlovy Vary
69636,Hodonín
76332,Zlín
73992,Frýdek-Místek
38401,Prachatice
33209,Plzeň-město
26213,Příbram
68738,Uherské Hradiště
27716,Mělník
25081,Praha-východ
36222,Karlovy Vary
56163,Ústí nad Orlicí
33547,Plzeň-jih
67951,Blansko
69107,Břeclav
41765,Teplice
78301,Olomouc
69637,Hodonín
50363,Hradec Králové
28511,Kutná Hora
58867,Jihlava
43971,Louny
40332,Ústí nad Labem
66454,Brno-venkov
33555,Plzeň-jih
68732,Uherské Hradiště
37302,České Budějovice
68751,Uherské Hradiště
26705,Beroun
69164,Brno-venkov
73924,Ostrava-město
72400,Ostrava-město
39415,Pelhřimov
79053,Jeseník
58865,Jihlava
36464,Sokolov
47112,Česká Lípa
37315,České Budějovice
27752,Mělník
37809,Jindřichův Hradec
46827,Jablonec nad Nisou
51271,Semily
26204,Příbram
58273,Havlíčkův Brod
37807,Jindřichův Hradec
39832,Písek
28531,Kutná Hora
53945,Ústí nad Orlicí
37333,České Budějovice
40761,Děčín
12000,Hlavní město Praha
12800,Hlavní město Praha
35734,Sokolov
27101,Rakovník
39427,Pelhřimov
41731,Teplice
69182,Břeclav
37817,Jindřichův Hradec
50008,Hradec Králové
75604,Vsetín
63400,Brno-město
69616,Hodonín
39404,Pelhřimov
67181,Znojmo
25216,Praha-západ
26221,Příbram
26212,Příbram
39412,Pelhřimov
43521,Most
43155,Chomutov
29403,Mladá Boleslav
66402,Brno-venkov
43987,Louny
28130,Kolín
51784,Rychnov nad Kněžnou
50354,Hradec Králové
47162,Česká Lípa
58231,Havlíčkův Brod
74301,Ostrava-město
56206,Ústí nad Orlicí
74733,Opava
67162,Znojmo
28162,Praha-východ
26764,Beroun
58241,Havlíčkův Brod
37331,České Budějovice
51736,Rychnov nad Kněžnou
40322,Ústí nad Labem
51783,Rychnov nad Kněžnou
37350,České Budějovice
27326,Mělník
66417,Brno-venkov
66441,Brno-venkov
66501,Brno-venkov
43163,Chomutov
56912,Svitavy
67528,Třebíč
75356,Přerov
28906,Nymburk
73921,Frýdek-Místek
27032,Rakovník
66444,Brno-venkov
68737,Uherské Hradiště
59452,Žďár nad Sázavou
51764,Rychnov nad Kněžnou
56155,Ústí nad Orlicí
39807,Písek
28941,Nymburk
28151,Nymburk
33821,Rokycany
29404,Jičín
75122,Přerov
33546,Plzeň-jih
50326,Hradec Králové
66412,Brno-venkov
67505,Žďár nad Sázavou
39835,Písek
27325,Kladno
33501,Klatovy
26725,Beroun
66449,Brno-venkov
72529,Ostrava-město
72527,Ostrava-město
72525,Ostrava-město
70800,Ostrava-město
71600,Ostrava-město
72100,Ostrava-město
72200,Ostrava-město
73914,Frýdek-Místek
50752,Jičín
56122,Ústí nad Orlicí
66481,Brno-venkov
59445,Žďár nad Sázavou
67914,Blansko
68723,Uherské Hradiště
78825,Jeseník
68742,Uherské Hradiště
79806,Prostějov
74781,Opava
54972,Náchod
27327,Kladno
58224,Havlíčkův Brod
27714,Mělník
28543,Kutná Hora
43905,Louny
37853,Jihlava
75355,Přerov
78397,Olomouc
51247,Semily
69122,Brno-venkov
68756,Uherské Hradiště
43908,Louny
79830,Prostějov
26232,Příbram
51757,Rychnov nad Kněžnou
54221,Trutnov
75127,Přerov
69186,Břeclav
43907,Louny
53854,Ústí nad Orlicí
25167,Praha-východ
43153,Chomutov
69665,Hodonín
25281,Praha-západ
58831,Jihlava
50355,Hradec Králové
50346,Rychnov nad Kněžnou
78814,Šumperk
74260,Nový Jičín
73541,Karviná
26225,Příbram
47118,Česká Lípa
54242,Trutnov
56170,Ústí nad Orlicí
37872,Jindřichův Hradec
73984,Frýdek-Místek
74718,Opava
41101,Litoměřice
37346,České Budějovice
37818,Jindřichův Hradec
68305,Vyškov
79824,Prostějov
50301,Hradec Králové
28104,Kolín
67132,Znojmo
35135,Cheb
41142,Litoměřice
37824,Jindřichův Hradec
27055,Rakovník
34509,Domažlice
51803,Rychnov nad Kněžnou
53841,Chrudim
50754,Jičín
54303,Trutnov
69145,Břeclav
76318,Zlín
66403,Brno-venkov
75116,Přerov
58221,Havlíčkův Brod
41141,Litoměřice
38283,Český Krumlov
41147,Litoměřice
47116,Česká Lípa
67534,Třebíč
79064,Jeseník
75144,Přerov
75365,Přerov
56971,Svitavy
51242,Semily
37855,Jindřichův Hradec
69127,Břeclav
53006,Pardubice
33023,Tachov
76812,Kroměříž
28914,Kolín
43942,Louny
78969,Šumperk
25070,Mělník
28563,Kutná Hora
69126,Břeclav
66407,Brno-venkov
66458,Brno-venkov
53804,Chrudim
50333,Hradec Králové
26754,Beroun
78354,Olomouc
25709,Benešov
25072,Praha-východ
53974,Chrudim
66602,Brno-venkov
79851,Prostějov
51261,Semily
51732,Rychnov nad Kněžnou
28916,Nymburk
69124,Brno-venkov
46848,Jablonec nad Nisou
29412,Mladá Boleslav
53944,Svitavy
66904,Znojmo
66463,Brno-venkov
46346,Liberec
41712,Teplice
69104,Břeclav
38218,Český Krumlov
46804,Jablonec nad Nisou
54373,Trutnov
53976,Chrudim
59264,Žďár nad Sázavou
79603,Prostějov
75656,Vsetín
47167,Česká Lípa
54908,Náchod
66446,Brno-venkov
25243,Praha-západ
76842,Kroměříž
79843,Prostějov
25218,Praha-západ
56002,Svitavy
37343,České Budějovice
74243,Nový Jičín
27024,Rakovník
69667,Hodonín
39120,Tábor
59233,Žďár nad Sázavou
53401,Ústí nad Orlicí
50712,Jičín
56907,Svitavy
38001,Třebíč
67559,Třebíč
38731,Strakonice
25074,Praha-východ
66447,Brno-venkov
15300,Hlavní město Praha
25226,Hlavní město Praha
28128,Kolín
74761,Opava
54212,Trutnov
69103,Břeclav
43924,Louny
53972,Chrudim
78813,Šumperk
55221,Náchod
28507,Kutná Hora
28141,Kolín
39142,Tábor
69602,Hodonín
39822,Písek
53313,Pardubice
41120,Litoměřice
40313,Ústí nad Labem
58824,Jihlava
27733,Mělník
73932,Frýdek-Místek
53865,Ústí nad Orlicí
16300,Hlavní město Praha
41503,Teplice
56141,Ústí nad Orlicí
66482,Brno-venkov
75118,Přerov
43967,Louny
69601,Hodonín
74725,Opava
53343,Pardubice
58844,Jihlava
56972,Svitavy
75104,Přerov
67525,Třebíč
53842,Chrudim
37846,Jindřichův Hradec
53834,Chrudim
53351,Pardubice
26211,Příbram
76803,Kroměříž
28171,Kolín
35701,Sokolov
33453,Plzeň-jih
25230,Beroun
51233,Semily
56903,Svitavy
38292,Český Krumlov
59252,Žďár nad Sázavou
58866,Jihlava
67973,Blansko
58272,Havlíčkův Brod
79862,Prostějov
25263,Praha-západ
51231,Semily
41762,Teplice
54941,Trutnov
56125,Ústí nad Orlicí
75625,Vsetín
36005,Karlovy Vary
36010,Karlovy Vary
74265,Nový Jičín
53354,Pardubice
51755,Rychnov nad Kněžnou
40751,Děčín
67521,Jihlava
55225,Náchod
56934,Svitavy
37336,České Budějovice
73532,Karviná
39401,Pelhřimov
27062,Rakovník
79356,Bruntál
69167,Břeclav
69613,Hodonín
50759,Jičín
67932,Blansko
19015,Hlavní město Praha
67122,Znojmo
58244,Havlíčkův Brod
67935,Blansko
67545,Třebíč
67931,Blansko
56962,Svitavy
69121,Břeclav
37347,České Budějovice
28403,Kutná Hora
33202,Plzeň-město
38732,Strakonice
74256,Nový Jičín
28917,Nymburk
33008,Plzeň-sever
78345,Olomouc
67575,Brno-venkov
74242,Nový Jičín
39456,Pelhřimov
25092,Praha-východ
40011,Ústí nad Labem
39101,Tábor
76334,Zlín
71100,Opava
74715,Opava
69634,Hodonín
66499,Brno-venkov
69176,Břeclav
47117,Česká Lípa
75352,Přerov
38775,Strakonice
69641,Hodonín
74745,Opava
74301,Opava
50352,Hradec Králové
27042,Rakovník
25083,Praha-východ
39847,Písek
62700,Brno-venkov
58251,Havlíčkův Brod
39176,Tábor
74293,Nový Jičín
54947,Náchod
51756,Rychnov nad Kněžnou
78342,Prostějov
37321,České Budějovice
43909,Louny
58265,Havlíčkův Brod
74757,Opava
75131,Olomouc
54443,Náchod
47152,Česká Lípa
32100,Plzeň-jih
43151,Karlovy Vary
39152,Tábor
43914,Louny
58801,Jihlava
79817,Prostějov
46851,Jablonec nad Nisou
41174,Litoměřice
41510,Teplice
15521,Hlavní město Praha
58262,Havlíčkův Brod
29475,Mladá Boleslav
66452,Brno-venkov
51701,Rychnov nad Kněžnou
54971,Náchod
56115,Ústí nad Orlicí
79312,Opava
25771,Benešov
78386,Bruntál
74237,Nový Jičín
43101,Chomutov
76364,Zlín
27065,Rakovník
40715,Děčín
27302,Kladno
56544,Ústí nad Orlicí
74782,Opava
39162,Tábor
33203,Plzeň-město
43949,Louny
37871,Jindřichův Hradec
56932,Svitavy
68603,Uherské Hradiště
37882,Jindřichův Hradec
47163,Česká Lípa
53344,Pardubice
73943,Frýdek-Místek
69168,Břeclav
50357,Hradec Králové
74231,Nový Jičín
69638,Hodonín
74751,Opava
38751,Strakonice
59263,Žďár nad Sázavou
41771,Teplice
74791,Opava
54232,Náchod
73534,Karviná
38444,Prachatice
50314,Hradec Králové
53863,Ústí nad Orlicí
74266,Nový Jičín
68765,Uherské Hradiště
33845,Rokycany
41184,Litoměřice
13000,Hlavní město Praha
46303,Liberec
54352,Trutnov
69662,Hodonín
47127,Česká Lípa
40003,Ústí nad Labem
25787,Benešov
28167,Praha-východ
76804,Kroměříž
73959,Frýdek-Místek
58811,Jihlava
75652,Vsetín
75363,Přerov
33207,Plzeň-jih
38426,Prachatice
40752,Děčín
75612,Zlín
54948,Náchod
47102,Česká Lípa
68753,Uherské Hradiště
28502,Kutná Hora
74795,Opava
26722,Beroun
54962,Náchod
69666,Hodonín
39172,Tábor
39136,Tábor
56113,Ústí nad Orlicí
41162,Litoměřice
41111,Litoměřice
38471,Prachatice
46841,Jablonec nad Nisou
68731,Uherské Hradiště
79051,Jeseník
35703,Sokolov
37323,České Budějovice
56542,Ústí nad Orlicí
41753,Teplice
38216,Český Krumlov
73925,Frýdek-Místek
53824,Chrudim
26728,Beroun
56973,Svitavy
50791,Semily
47153,Česká Lípa
33822,Rokycany
28107,Kolín
53362,Pardubice
47151,Česká Lípa
69684,Hodonín
39005,Tábor
39815,Písek
67579,Žďár nad Sázavou
36018,Karlovy Vary
56131,Ústí nad Orlicí
51253,Semily
56166,Ústí nad Orlicí
56994,Svitavy
66459,Brno-venkov
37301,České Budějovice
39496,Pelhřimov
41155,Litoměřice
68734,Uherské Hradiště
74274,Nový Jičín
58243,Havlíčkův Brod
40336,Ústí nad Labem
33026,Plzeň-sever
76362,Zlín
25082,Kolín
26721,Beroun
26281,Příbram
68711,Uherské Hradiště
56933,Svitavy
41113,Litoměřice
38737,Strakonice
56124,Ústí nad Orlicí
53952,Chrudim
40004,Ústí nad Labem
51733,Rychnov nad Kněžnou
17100,Hlavní město Praha
53833,Chrudim
67178,Brno-venkov
75102,Přerov
56974,Svitavy
56957,Svitavy
50704,Jičín
39126,Tábor
25267,Praha-západ
43969,Louny
68707,Uherské Hradiště
53363,Pardubice
39121,Tábor
66405,Brno-venkov
69153,Břeclav
69154,Břeclav
50792,Jičín
43141,Chomutov
58245,Havlíčkův Brod
69162,Břeclav
68606,Uherské Hradiště
53373,Pardubice
53832,Chrudim
59441,Žďár nad Sázavou
37501,Písek
66453,Brno-venkov
50707,Jičín
67131,Znojmo
40317,Teplice
67924,Brno-venkov
58254,Havlíčkův Brod
67939,Blansko
33040,Plzeň-sever
79391,Bruntál
69142,Břeclav
69606,Hodonín
50711,Jičín
67553,Třebíč
40724,Děčín
47105,Česká Lípa
74773,Opava
53957,Chrudim
59244,Žďár nad Sázavou
33027,Plzeň-sever
28101,Kolín
50721,Jičín
78353,Olomouc
39428,Pelhřimov
27361,Kladno
55224,Náchod
79058,Jeseník
26205,Příbram
74291,Nový Jičín
69102,Břeclav
40323,Ústí nad Labem
40334,Ústí nad Labem
69174,Břeclav
79052,Jeseník
69164,Břeclav
69163,Břeclav
69106,Břeclav
54932,Náchod
54235,Trutnov
29427,Mladá Boleslav
54934,Náchod
28151,Kolín
78355,Olomouc
47125,Česká Lípa
54454,Trutnov
27746,Mělník
67142,Znojmo
56914,Svitavy
56152,Ústí nad Orlicí
40725,Děčín
54982,Náchod
74273,Nový Jičín
75651,Vsetín
51252,Semily
39842,Písek
26243,Příbram
25250,Praha-západ
74743,Opava
58256,Havlíčkův Brod
58252,Havlíčkův Brod
75653,Vsetín
79055,Jeseník
59457,Žďár nad Sázavou
43154,Chomutov
27307,Kladno
19017,Hlavní město Praha
59266,Žďár nad Sázavou
26252,Příbram
67933,Blansko
26261,Příbram
67138,Znojmo
56906,Svitavy
38427,Prachatice
51238,Semily
69130,Brno-venkov
28523,Kutná Hora
41114,Litoměřice
39501,Tábor
68761,Uherské Hradiště
28564,Kutná Hora
50351,Nymburk
51734,Rychnov nad Kněžnou
39153,Tábor
66701,Brno-venkov
36273,Karlovy Vary
53961,Chrudim
69642,Hodonín
66432,Brno-venkov
69125,Brno-venkov
67103,Znojmo
26711,Beroun
79813,Prostějov
53956,Chrudim
41121,Litoměřice
69109,Břeclav
41164,Litoměřice
43906,Louny
67124,Znojmo
33541,Plzeň-jih
74720,Opava
79809,Prostějov
43982,Louny
43115,Chomutov
51265,Semily
25231,Praha-západ
26726,Beroun
34507,Domažlice
33016,Plzeň-sever
56134,Ústí nad Orlicí
51264,Semily
39405,Pelhřimov
50331,Hradec Králové
43159,Chomutov
54937,Náchod
53321,Pardubice
51211,Semily
54912,Náchod
38734,Strakonice
28574,Kutná Hora
61500,Brno-město
26729,Beroun
51761,Ústí nad Orlicí
47101,Česká Lípa
69105,Břeclav
53835,Chrudim
41763,Teplice
47107,Česká Lípa
25061,Praha-východ
46825,Jablonec nad Nisou
76832,Kroměříž
53311,Pardubice
15600,Hlavní město Praha
66488,Brno-venkov
28521,Kutná Hora
33022,Plzeň-sever
66411,Brno-venkov
28565,Kutná Hora
38441,Prachatice
68501,Hodonín
69632,Hodonín
67952,Blansko
54955,Náchod
51723,Rychnov nad Kněžnou
75607,Vsetín
38472,Prachatice
14900,Praha-západ
25764,Benešov
26753,Beroun
28575,Kutná Hora
39174,Tábor
39444,Pelhřimov
74267,Nový Jičín
69647,Hodonín
50702,Jičín
73937,Frýdek-Místek
58826,Jihlava
37366,České Budějovice
33554,Plzeň-jih
54404,Trutnov
53342,Pardubice
38202,Český Krumlov
28561,Kutná Hora
68710,Uherské Hradiště
76005,Zlín
37344,České Budějovice
50734,Jičín
75654,Vsetín
53836,Chrudim
25705,Benešov
59256,Žďár nad Sázavou
